metric,nominal,real_cpi_u,real_cpi_medical
per_beneficiary_growth_2013_2023_pct,83.72940965526348,40.46856300602297,38.418605075989355
total_part_d_growth_2013_2023_pct,166.02836058737554,103.38943885288985,100.42123170291217
