predictor,coefficient,std_err,t_statistic,p_value,ci_lower_95,ci_upper_95
const,5.2117915997494775,0.06209691289196317,83.92996297282934,0.0,5.090042862563083,5.333540336935872
log_claims,0.9701009199809455,0.010780191952107098,89.98920652719264,0.0,0.9489650100673651,0.9912368298945259
log_unit_cost,0.5881150004259847,0.007463512466106752,78.79868937001555,0.0,0.5734818540197482,0.6027481468322213
log_bene,-0.0585516327446923,0.011372614025290608,-5.148476209118169,2.767069179236475e-07,-0.08084905996939769,-0.03625420551998691
num_mfr,-0.0206236047390291,0.005400591536016855,-3.8187677408093346,0.0001363844090956613,-0.031212137549243645,-0.010035071928814554
log_dollar_growth,0.023338531442780638,0.0028653656770872156,8.145044672450114,5.178057801924698e-16,0.017720624907401825,0.02895643797815945
