predictor,coefficient,std_err,t_statistic,p_value,ci_lower_95,ci_upper_95
const,4.279222329306757,0.06646530831649682,64.38279514073427,0.0,4.148895022231221,4.409549636382293
log_claims,1.9483618647852254,0.03301066764578744,59.02218899937518,0.0,1.883633489516812,2.013090240053639
log_unit_cost,0.5539408253724448,0.00739538156616347,74.90361659051148,0.0,0.5394397241404368,0.5684419266044528
log_bene,-1.0526581453930572,0.03370433238291851,-31.232131627284463,2.1438310717639473e-183,-1.118746680713284,-0.9865696100728306
num_mfr,-0.021320625731686804,0.004662365126576494,-4.57292064282023,5.023704813464205e-06,-0.030462740722806005,-0.012178510740567604
log_dollar_growth,0.011813012844045132,0.002708535952956451,4.361401528065692,1.3401412208570885e-05,0.006502028726057212,0.017123996962033053
velocity,0.0040706562590401354,0.005253220462109926,0.774887764258266,0.43847299353693703,-0.006230026813710484,0.014371339331790755
