model,n,r_squared,adj_r_squared,aic,bic,f_statistic,f_p_value,cv_mean_r_squared,cv_sd_r_squared,velocity_coef,velocity_p
Model A (5 predictors),2741,0.9188284043785764,0.9186800102366726,7511.76932976854,7547.265798346357,6191.810489215391,0.0,,,,
"Model B (6 predictors, +velocity)",2741,0.9188462276659142,0.9186681286776169,7513.167407451592,7554.579954125712,5159.188361770253,0.0,0.9175203164047915,0.004197457081774679,0.0040706562590401354,0.43847299353693703
