predictor,coef_dropped,coef_imputed,p_dropped,p_imputed,abs_delta
const,4.342663542574439,5.2117915997494775,0.0,0.0,0.8691280571750388
log_claims,1.9421338014297849,0.9701009199809455,0.0,0.0,0.9720328814488394
log_unit_cost,0.543268206436648,0.5881150004259847,0.0,0.0,0.044846793989336775
log_bene,-1.0574868927514012,-0.0585516327446923,3.8903889234804245e-223,2.767069179236475e-07,0.9989352600067088
num_mfr,-0.020384289453051346,-0.0206236047390291,9.72067041743885e-06,0.0001363844090956613,0.00023931528597775226
log_dollar_growth,0.0209018483839992,0.023338531442780638,4.752880744865708e-17,5.178057801924698e-16,0.0024366830587814366
