comparison,f_change,p_change,r_squared_gain
M1 -> M3 (add SDoH to insurance-only),11.038456783338276,2.0315514137614343e-07,0.6030490388944963
M2 -> M3 (add insurance to SDoH-only),8.549349324321486,0.0054951359868650185,0.07784416780957226
