model,n_predictors,r_squared,adj_r_squared,f_stat,f_p,aic,bic
M1 Insurance only,1,0.005424180665137279,-0.014873285035574169,0.26723438014959533,0.6075186655913505,-315.98117834012163,-312.117527074673
M2 SDoH only,6,0.5306290517500614,0.46662392244325146,8.290414494852135,4.979342400345765e-06,-344.27824847280596,-330.7554690437357
M3 Combined,7,0.6084732195596336,0.5447363018135274,9.546637036693024,4.2678696781811395e-07,-351.526561568528,-336.0719565067334
