predictor,coefficient,std_err,t_statistic,p_value,ci_lower_95,ci_upper_95
const,0.30494575699365545,0.04150629682037759,7.3469757688414585,4.060814644405977e-09,0.22124033197716533,0.3886511820101456
age65_pct,-0.003580608789928702,0.0007119291353150234,-5.029445505618068,9.191442698971034e-06,-0.00501635072352152,-0.0021448668563358846
diabetes_pct,0.001610944711481043,0.0019083864453326134,0.8441396738176218,0.4032633302156421,-0.0022376833459333547,0.005459572768895441
htn_pct,0.002466461070456335,0.0008291293243810307,2.974760387708661,0.004794326807956756,0.0007943624298260743,0.004138559711086596
obesity_pct,-0.002106816250132321,0.0006319386473037121,-3.333893660597367,0.0017699830090249355,-0.0033812419905403005,-0.0008323905097243419
median_hh_inc,-0.002718754407426225,0.0017839644779273842,-1.5239958200204091,0.13483135360822912,-0.0063164616537619185,0.000878952838909468
uninsured_pct,-0.0015941403175080975,0.0005452052314295554,-2.9239270381323776,0.005495135986864767,-0.0026936514547102825,-0.0004946291803059127
college_pct,-0.00020445036070115732,0.0003351538453410503,-0.6100194389627546,0.5450594300514013,-0.000880352506141662,0.0004714517847393474
