predictor,coefficient,std_err,z_statistic,p_value,odds_ratio
const,-0.5635413601192131,0.019333717553838718,-29.148111766395473,8.827285646017107e-187,0.5691897844584727
log_total_payment,0.034726058520185704,0.004819193707678848,7.205781843724937,5.771173796280101e-13,1.0353360484590104
log_meal,-0.052077288394183574,0.005090090408073863,-10.231112655991133,1.4385695047957984e-24,0.9492554975745522
log_speaker,0.02338326965098901,0.00366809736336142,6.3747679885903406,1.8324013750361007e-10,1.0236588017229902
log_n_over_1k,0.08937729546807792,0.016095077153201885,5.5530827604823,2.8067510583502763e-08,1.0934931485150292
log_n_payments,0.1366542227858195,0.004463953513509137,30.61282389529073,8.262780394165915e-206,1.1464316700286235
log_total_clms,0.04083267682567482,0.0016649652290030696,24.524642385549505,8.06593591099191e-133,1.0416777941275788
