k,wcss,silhouette_score,davies_bouldin_index,silhouette_n_subsample,n_total
2,7166.1680336442105,0.34053024855846326,1.2707963210881512,3598,3598
3,5236.750572353837,0.3309315915655293,1.0957307923946258,3598,3598
4,4061.6924902062583,0.33334886711532286,1.0065761242634501,3598,3598
5,3304.760147909712,0.34629863444162945,0.9739613267030552,3598,3598
6,2843.0288091786833,0.34390153606752244,0.9384656709897454,3598,3598
7,2455.1050215263767,0.34501670038093496,0.8976420211369522,3598,3598
8,2209.06343386262,0.3347577362336842,0.9251351797637382,3598,3598
