benchmark,n_prescribers,ceiling_$B,floor_$B,ceiling_ci_lo_$B,ceiling_ci_hi_$B
Specialty median (v5 baseline),995954,19.825042705882037,9.912521352941019,19.18653669574134,20.52819687104984
State + Specialty median (HRR proxy),982760,18.658671979123724,9.329335989561862,18.058396572127098,19.305534591702177
