substitution_rate,generic_conversion_savings_$B,biosimilar_conversion_savings_$B,combined_savings_$B
0.3,5.947512811764612,2.4947262895707243,8.442239101335336
0.5,9.912521352941019,4.157877149284541,14.07039850222556
0.7,13.877529894117426,5.821028008998358,19.698557903115784
