fold,n_train,n_test,r_squared_test,rmse_test
1,2204,552,0.9212144158515154,0.9357012090968887
2,2205,551,0.8987549635259101,1.0241289641979037
3,2205,551,0.9176380446390651,0.9500526796975945
4,2205,551,0.929112916781682,0.9271042471517624
5,2205,551,0.9254813599532119,0.9347533592217081
